<?xml version="1.0" encoding="UTF-8"?>
<GenRun Id="clk_wiz_tetris_synth_1" LaunchPart="xc7a35tcpg236-1" LaunchTime="1766913678">
  <File Type="PA-TCL" Name="clk_wiz_tetris.tcl"/>
  <File Type="REPORTS-TCL" Name="clk_wiz_tetris_reports.tcl"/>
  <File Type="RDS-RDS" Name="clk_wiz_tetris.vds"/>
  <File Type="RDS-UTIL" Name="clk_wiz_tetris_utilization_synth.rpt"/>
  <File Type="RDS-UTIL-PB" Name="clk_wiz_tetris_utilization_synth.pb"/>
  <File Type="RDS-DCP" Name="clk_wiz_tetris.dcp"/>
  <FileSet Name="sources" Type="BlockSrcs" RelSrcDir="$PSRCDIR/clk_wiz_tetris" RelGenDir="$PGENDIR/clk_wiz_tetris">
    <File Path="$PSRCDIR/sources_1/ip/clk_wiz_tetris/clk_wiz_tetris.xci">
      <FileInfo>
        <Attr Name="UsedIn" Val="synthesis"/>
        <Attr Name="UsedIn" Val="implementation"/>
        <Attr Name="UsedIn" Val="simulation"/>
      </FileInfo>
    </File>
    <Config>
      <Option Name="TopModule" Val="clk_wiz_tetris"/>
      <Option Name="UseBlackboxStub" Val="1"/>
    </Config>
  </FileSet>
  <FileSet Name="constrs_in" Type="BlockSrcs" RelSrcDir="$PSRCDIR/clk_wiz_tetris" RelGenDir="$PGENDIR/clk_wiz_tetris">
    <File Path="$PSRCDIR/sources_1/ip/clk_wiz_tetris/clk_wiz_tetris.xci">
      <FileInfo>
        <Attr Name="UsedIn" Val="synthesis"/>
        <Attr Name="UsedIn" Val="implementation"/>
        <Attr Name="UsedIn" Val="simulation"/>
      </FileInfo>
    </File>
    <Config>
      <Option Name="TopModule" Val="clk_wiz_tetris"/>
      <Option Name="UseBlackboxStub" Val="1"/>
    </Config>
  </FileSet>
  <FileSet Name="utils" Type="Utils" RelSrcDir="$PSRCDIR/utils_1" RelGenDir="$PGENDIR/utils_1">
    <Filter Type="Utils"/>
    <Config>
      <Option Name="TopAutoSet" Val="TRUE"/>
    </Config>
  </FileSet>
  <Strategy Version="1" Minor="2">
    <StratHandle Name="Vivado Synthesis Defaults" Flow="Vivado Synthesis 2024"/>
    <Step Id="synth_design"/>
  </Strategy>
</GenRun>
