<?xml version="1.0" encoding="UTF-8"?>
<GenRun Id="impl_1" LaunchPart="xc7a35tcpg236-1" LaunchTime="1766940158">
  <File Type="ROUTE-PWR" Name="tetris_top_power_routed.rpt"/>
  <File Type="PA-TCL" Name="tetris_top.tcl"/>
  <File Type="ROUTE-PWR-SUM" Name="tetris_top_power_summary_routed.pb"/>
  <File Type="REPORTS-TCL" Name="tetris_top_reports.tcl"/>
  <File Type="OPT-RQA-PB" Name="tetris_top_rqa_opted.pb"/>
  <File Type="BITSTR-MMI" Name="tetris_top.mmi"/>
  <File Type="OPT-METHODOLOGY-DRC" Name="tetris_top_methodology_drc_opted.rpt"/>
  <File Type="INIT-TIMING" Name="tetris_top_timing_summary_init.rpt"/>
  <File Type="OPT-TIMING" Name="tetris_top_timing_summary_opted.rpt"/>
  <File Type="OPT-DCP" Name="tetris_top_opt.dcp"/>
  <File Type="OPT-DRC" Name="tetris_top_drc_opted.rpt"/>
  <File Type="OPT-HWDEF" Name="tetris_top.hwdef"/>
  <File Type="PWROPT-DCP" Name="tetris_top_pwropt.dcp"/>
  <File Type="PWROPT-DRC" Name="tetris_top_drc_pwropted.rpt"/>
  <File Type="PWROPT-TIMING" Name="tetris_top_timing_summary_pwropted.rpt"/>
  <File Type="PLACE-DCP" Name="tetris_top_placed.dcp"/>
  <File Type="PLACE-IO" Name="tetris_top_io_placed.rpt"/>
  <File Type="PLACE-CLK" Name="tetris_top_clock_utilization_placed.rpt"/>
  <File Type="PLACE-UTIL" Name="tetris_top_utilization_placed.rpt"/>
  <File Type="PLACE-UTIL-PB" Name="tetris_top_utilization_placed.pb"/>
  <File Type="PLACE-CTRL" Name="tetris_top_control_sets_placed.rpt"/>
  <File Type="PLACE-SIMILARITY" Name="tetris_top_incremental_reuse_placed.rpt"/>
  <File Type="PLACE-PRE-SIMILARITY" Name="tetris_top_incremental_reuse_pre_placed.rpt"/>
  <File Type="BG-BIN" Name="tetris_top.bin"/>
  <File Type="PLACE-TIMING" Name="tetris_top_timing_summary_placed.rpt"/>
  <File Type="ROUTE-PWR-RPX" Name="tetris_top_power_routed.rpx"/>
  <File Type="PLACE-RQA-PB" Name="tetris_top_rqa_placed.pb"/>
  <File Type="POSTPLACE-PWROPT-DCP" Name="tetris_top_postplace_pwropt.dcp"/>
  <File Type="BITSTR-MSK" Name="tetris_top.msk"/>
  <File Type="POSTPLACE-PWROPT-TIMING" Name="tetris_top_timing_summary_postplace_pwropted.rpt"/>
  <File Type="PHYSOPT-DCP" Name="tetris_top_physopt.dcp"/>
  <File Type="PHYSOPT-DRC" Name="tetris_top_drc_physopted.rpt"/>
  <File Type="BITSTR-RBT" Name="tetris_top.rbt"/>
  <File Type="PHYSOPT-TIMING" Name="tetris_top_timing_summary_physopted.rpt"/>
  <File Type="ROUTE-ERROR-DCP" Name="tetris_top_routed_error.dcp"/>
  <File Type="ROUTE-DCP" Name="tetris_top_routed.dcp"/>
  <File Type="ROUTE-BLACKBOX-DCP" Name="tetris_top_routed_bb.dcp"/>
  <File Type="ROUTE-DRC" Name="tetris_top_drc_routed.rpt"/>
  <File Type="ROUTE-DRC-PB" Name="tetris_top_drc_routed.pb"/>
  <File Type="ROUTE-DRC-RPX" Name="tetris_top_drc_routed.rpx"/>
  <File Type="ROUTE-METHODOLOGY-DRC" Name="tetris_top_methodology_drc_routed.rpt"/>
  <File Type="ROUTE-METHODOLOGY-DRC-RPX" Name="tetris_top_methodology_drc_routed.rpx"/>
  <File Type="ROUTE-METHODOLOGY-DRC-PB" Name="tetris_top_methodology_drc_routed.pb"/>
  <File Type="ROUTE-RQS-PB" Name="tetris_top_rqs_routed.pb"/>
  <File Type="ROUTE-STATUS" Name="tetris_top_route_status.rpt"/>
  <File Type="ROUTE-STATUS-PB" Name="tetris_top_route_status.pb"/>
  <File Type="ROUTE-TIMINGSUMMARY" Name="tetris_top_timing_summary_routed.rpt"/>
  <File Type="ROUTE-TIMING-PB" Name="tetris_top_timing_summary_routed.pb"/>
  <File Type="ROUTE-TIMING-RPX" Name="tetris_top_timing_summary_routed.rpx"/>
  <File Type="ROUTE-SIMILARITY" Name="tetris_top_incremental_reuse_routed.rpt"/>
  <File Type="ROUTE-CLK" Name="tetris_top_clock_utilization_routed.rpt"/>
  <File Type="ROUTE-BUS-SKEW" Name="tetris_top_bus_skew_routed.rpt"/>
  <File Type="ROUTE-BUS-SKEW-PB" Name="tetris_top_bus_skew_routed.pb"/>
  <File Type="ROUTE-BUS-SKEW-RPX" Name="tetris_top_bus_skew_routed.rpx"/>
  <File Type="POSTROUTE-PHYSOPT-DCP" Name="tetris_top_postroute_physopt.dcp"/>
  <File Type="POSTROUTE-PHYSOPT-BLACKBOX-DCP" Name="tetris_top_postroute_physopt_bb.dcp"/>
  <File Type="POSTROUTE-PHYSOPT-TIMING" Name="tetris_top_timing_summary_postroute_physopted.rpt"/>
  <File Type="POSTROUTE-PHYSOPT-TIMING-PB" Name="tetris_top_timing_summary_postroute_physopted.pb"/>
  <File Type="POSTROUTE-PHYSOPT-TIMING-RPX" Name="tetris_top_timing_summary_postroute_physopted.rpx"/>
  <File Type="POSTROUTE-PHYSOPT-BUS-SKEW" Name="tetris_top_bus_skew_postroute_physopted.rpt"/>
  <File Type="BG-BIT" Name="tetris_top.bit"/>
  <File Type="POSTROUTE-PHYSOPT-BUS-SKEW-PB" Name="tetris_top_bus_skew_postroute_physopted.pb"/>
  <File Type="POSTROUTE-PHYSOPT-BUS-SKEW-RPX" Name="tetris_top_bus_skew_postroute_physopted.rpx"/>
  <File Type="BITSTR-NKY" Name="tetris_top.nky"/>
  <File Type="BITSTR-BMM" Name="tetris_top_bd.bmm"/>
  <File Type="PDI-FILE" Name="tetris_top.pdi"/>
  <File Type="BOOT-PDI-FILE" Name="tetris_top_boot.pdi"/>
  <File Type="PL-PDI-FILE" Name="tetris_top_pld.pdi"/>
  <File Type="RCFI_FILE" Name="tetris_top.rcfi"/>
  <File Type="CFI_FILE" Name="tetris_top.cfi"/>
  <File Type="RNPI_FILE" Name="tetris_top.rnpi"/>
  <File Type="NPI_FILE" Name="tetris_top.npi"/>
  <File Type="RBD_FILE" Name="tetris_top.rbd"/>
  <File Type="BITSTR-LTX" Name="debug_nets.ltx"/>
  <File Type="BITSTR-LTX" Name="tetris_top.ltx"/>
  <File Type="BITSTR-SYSDEF" Name="tetris_top.sysdef"/>
  <File Type="BG-BGN" Name="tetris_top.bgn"/>
  <File Type="BG-DRC" Name="tetris_top.drc"/>
  <File Type="RDI-RDI" Name="tetris_top.vdi"/>
  <File Type="WBT-USG" Name="usage_statistics_webtalk.html"/>
  <File Type="ROUTE-RQS" Name="tetris_top_routed.rqs"/>
  <File Type="POSTROUTE-PHYSOPT-RQS" Name="tetris_top_postroute_physopted.rqs"/>
  <File Type="ROUTE-RQS-RPT" Name="route_report_qor_suggestions_0.rpt"/>
  <File Type="POSTROUTE-PHYSOPT-RQS-RPT" Name="postroute_physopt_report_qor_suggestions_0.rpt"/>
  <FileSet Name="sources" Type="DesignSrcs" RelSrcDir="$PSRCDIR/sources_1" RelGenDir="$PGENDIR/sources_1">
    <Filter Type="Srcs"/>
    <File Path="$PSRCDIR/sources_1/imports/new/2_input_controller.vhd">
      <FileInfo>
        <Attr Name="ImportPath" Val="$PPRDIR/../Universidad/7_Septimo_Semestre/Sistemas_Electronicos_Digitales_SED/FPGAs/Trabajo_SED/Trabajo_SED.srcs/sources_1/new/2_input_controller.vhd"/>
        <Attr Name="ImportTime" Val="1766673148"/>
        <Attr Name="UsedIn" Val="synthesis"/>
        <Attr Name="UsedIn" Val="simulation"/>
      </FileInfo>
    </File>
    <File Path="$PSRCDIR/sources_1/imports/new/4_lfsr_random.vhd">
      <FileInfo>
        <Attr Name="ImportPath" Val="$PPRDIR/../Universidad/7_Septimo_Semestre/Sistemas_Electronicos_Digitales_SED/FPGAs/Trabajo_SED/Trabajo_SED.srcs/sources_1/new/4_lfsr_random.vhd"/>
        <Attr Name="ImportTime" Val="1766673182"/>
        <Attr Name="UsedIn" Val="synthesis"/>
        <Attr Name="UsedIn" Val="simulation"/>
      </FileInfo>
    </File>
    <File Path="$PSRCDIR/sources_1/imports/new/6_collision_detector.vhd">
      <FileInfo>
        <Attr Name="ImportPath" Val="$PPRDIR/../Universidad/7_Septimo_Semestre/Sistemas_Electronicos_Digitales_SED/FPGAs/Trabajo_SED/Trabajo_SED.srcs/sources_1/new/6_collision_detector.vhd"/>
        <Attr Name="ImportTime" Val="1766673218"/>
        <Attr Name="UsedIn" Val="synthesis"/>
        <Attr Name="UsedIn" Val="simulation"/>
      </FileInfo>
    </File>
    <File Path="$PSRCDIR/sources_1/imports/new/8_game_controller.vhd">
      <FileInfo>
        <Attr Name="ImportPath" Val="$PPRDIR/../Universidad/7_Septimo_Semestre/Sistemas_Electronicos_Digitales_SED/FPGAs/Trabajo_SED/Trabajo_SED.srcs/sources_1/new/8_game_controller.vhd"/>
        <Attr Name="ImportTime" Val="1766673269"/>
        <Attr Name="UsedIn" Val="synthesis"/>
        <Attr Name="UsedIn" Val="simulation"/>
      </FileInfo>
    </File>
    <File Path="$PSRCDIR/sources_1/imports/new/1_clock_divider.vhd">
      <FileInfo>
        <Attr Name="ImportPath" Val="$PPRDIR/../Universidad/7_Septimo_Semestre/Sistemas_Electronicos_Digitales_SED/FPGAs/Trabajo_SED/Trabajo_SED.srcs/sources_1/new/1_clock_divider.vhd"/>
        <Attr Name="ImportTime" Val="1766673135"/>
        <Attr Name="UsedIn" Val="synthesis"/>
        <Attr Name="UsedIn" Val="simulation"/>
      </FileInfo>
    </File>
    <File Path="$PSRCDIR/sources_1/imports/new/5_current_piece_control.vhd">
      <FileInfo>
        <Attr Name="ImportPath" Val="$PPRDIR/../Universidad/7_Septimo_Semestre/Sistemas_Electronicos_Digitales_SED/FPGAs/Trabajo_SED/Trabajo_SED.srcs/sources_1/new/5_current_piece_control.vhd"/>
        <Attr Name="ImportTime" Val="1766673203"/>
        <Attr Name="UsedIn" Val="synthesis"/>
        <Attr Name="UsedIn" Val="simulation"/>
      </FileInfo>
    </File>
    <File Path="$PSRCDIR/sources_1/imports/new/3_piece_rotator.vhd">
      <FileInfo>
        <Attr Name="ImportPath" Val="$PPRDIR/../Universidad/7_Septimo_Semestre/Sistemas_Electronicos_Digitales_SED/FPGAs/Trabajo_SED/Trabajo_SED.srcs/sources_1/new/3_piece_rotator.vhd"/>
        <Attr Name="ImportTime" Val="1766673163"/>
        <Attr Name="UsedIn" Val="synthesis"/>
        <Attr Name="UsedIn" Val="simulation"/>
      </FileInfo>
    </File>
    <File Path="$PSRCDIR/sources_1/imports/new/7_board_memory.vhd">
      <FileInfo>
        <Attr Name="ImportPath" Val="$PPRDIR/../Universidad/7_Septimo_Semestre/Sistemas_Electronicos_Digitales_SED/FPGAs/Trabajo_SED/Trabajo_SED.srcs/sources_1/new/7_board_memory.vhd"/>
        <Attr Name="ImportTime" Val="1766673246"/>
        <Attr Name="UsedIn" Val="synthesis"/>
        <Attr Name="UsedIn" Val="simulation"/>
      </FileInfo>
    </File>
    <File Path="$PSRCDIR/sources_1/imports/new/16_score_counter.vhd">
      <FileInfo>
        <Attr Name="ImportPath" Val="$PPRDIR/../Universidad/7_Septimo_Semestre/Sistemas_Electronicos_Digitales_SED/FPGAs/Trabajo_SED/Trabajo_SED.srcs/sources_1/new/16_score_counter.vhd"/>
        <Attr Name="ImportTime" Val="1766673371"/>
        <Attr Name="UsedIn" Val="synthesis"/>
        <Attr Name="UsedIn" Val="simulation"/>
      </FileInfo>
    </File>
    <File Path="$PSRCDIR/sources_1/imports/new/19_seven_segments_driver.vhd">
      <FileInfo>
        <Attr Name="ImportPath" Val="$PPRDIR/../Universidad/7_Septimo_Semestre/Sistemas_Electronicos_Digitales_SED/FPGAs/Trabajo_SED/Trabajo_SED.srcs/sources_1/new/19_seven_segments_driver.vhd"/>
        <Attr Name="ImportTime" Val="1766673387"/>
        <Attr Name="UsedIn" Val="synthesis"/>
        <Attr Name="UsedIn" Val="simulation"/>
      </FileInfo>
    </File>
    <File Path="$PSRCDIR/sources_1/imports/new/11_vga_controller.vhd">
      <FileInfo>
        <Attr Name="ImportPath" Val="$PPRDIR/../Universidad/7_Septimo_Semestre/Sistemas_Electronicos_Digitales_SED/FPGAs/Trabajo_SED/Trabajo_SED.srcs/sources_1/new/11_vga_controller.vhd"/>
        <Attr Name="ImportTime" Val="1766690433"/>
        <Attr Name="UsedIn" Val="synthesis"/>
        <Attr Name="UsedIn" Val="simulation"/>
      </FileInfo>
    </File>
    <File Path="$PSRCDIR/sources_1/imports/new/9_render_unit.vhd">
      <FileInfo>
        <Attr Name="ImportPath" Val="$PPRDIR/../Universidad/7_Septimo_Semestre/Sistemas_Electronicos_Digitales_SED/FPGAs/Trabajo_SED/Trabajo_SED.srcs/sources_1/new/9_render_unit.vhd"/>
        <Attr Name="ImportTime" Val="1766673287"/>
        <Attr Name="UsedIn" Val="synthesis"/>
        <Attr Name="UsedIn" Val="simulation"/>
      </FileInfo>
    </File>
    <File Path="$PSRCDIR/sources_1/imports/new/10_tetris_top.vhd">
      <FileInfo>
        <Attr Name="ImportPath" Val="$PPRDIR/../Universidad/7_Septimo_Semestre/Sistemas_Electronicos_Digitales_SED/FPGAs/Trabajo_SED/Trabajo_SED.srcs/sources_1/new/10_tetris_top.vhd"/>
        <Attr Name="ImportTime" Val="1766690722"/>
        <Attr Name="UsedIn" Val="synthesis"/>
        <Attr Name="UsedIn" Val="simulation"/>
      </FileInfo>
    </File>
    <File Path="$PSRCDIR/sources_1/imports/new/15_game_fsm.vhd">
      <FileInfo>
        <Attr Name="UserDisabled" Val="1"/>
        <Attr Name="ImportPath" Val="$PPRDIR/../Universidad/7_Septimo_Semestre/Sistemas_Electronicos_Digitales_SED/FPGAs/Trabajo_SED/Trabajo_SED.srcs/sources_1/new/15_game_fsm.vhd"/>
        <Attr Name="ImportTime" Val="1766050869"/>
        <Attr Name="UsedIn" Val="synthesis"/>
        <Attr Name="UsedIn" Val="simulation"/>
      </FileInfo>
    </File>
    <File Path="$PSRCDIR/sources_1/imports/new/17_bin_2_bcd.vhd">
      <FileInfo>
        <Attr Name="UserDisabled" Val="1"/>
        <Attr Name="ImportPath" Val="$PPRDIR/../Universidad/7_Septimo_Semestre/Sistemas_Electronicos_Digitales_SED/FPGAs/Trabajo_SED/Trabajo_SED.srcs/sources_1/new/17_bin_2_bcd.vhd"/>
        <Attr Name="ImportTime" Val="1766049489"/>
        <Attr Name="UsedIn" Val="synthesis"/>
        <Attr Name="UsedIn" Val="simulation"/>
      </FileInfo>
    </File>
    <File Path="$PSRCDIR/sources_1/imports/new/18_win_detector.vhd">
      <FileInfo>
        <Attr Name="UserDisabled" Val="1"/>
        <Attr Name="ImportPath" Val="$PPRDIR/../Universidad/7_Septimo_Semestre/Sistemas_Electronicos_Digitales_SED/FPGAs/Trabajo_SED/Trabajo_SED.srcs/sources_1/new/18_win_detector.vhd"/>
        <Attr Name="ImportTime" Val="1766049600"/>
        <Attr Name="UsedIn" Val="synthesis"/>
        <Attr Name="UsedIn" Val="simulation"/>
      </FileInfo>
    </File>
    <Config>
      <Option Name="DesignMode" Val="RTL"/>
      <Option Name="TopModule" Val="tetris_top"/>
      <Option Name="TopAutoSet" Val="TRUE"/>
    </Config>
  </FileSet>
  <FileSet Name="constrs_in" Type="Constrs" RelSrcDir="$PSRCDIR/constrs_1" RelGenDir="$PGENDIR/constrs_1">
    <Filter Type="Constrs"/>
    <File Path="$PSRCDIR/constrs_1/imports/FPGAs/Basys-3-Master.xdc">
      <FileInfo>
        <Attr Name="ImportPath" Val="$PPRDIR/../Universidad/7_Septimo_Semestre/Sistemas_Electronicos_Digitales_SED/FPGAs/Basys-3-Master.xdc"/>
        <Attr Name="ImportTime" Val="1766673519"/>
        <Attr Name="UsedIn" Val="synthesis"/>
        <Attr Name="UsedIn" Val="implementation"/>
      </FileInfo>
    </File>
    <Config>
      <Option Name="ConstrsType" Val="XDC"/>
    </Config>
  </FileSet>
  <FileSet Name="utils" Type="Utils" RelSrcDir="$PSRCDIR/utils_1" RelGenDir="$PGENDIR/utils_1">
    <Filter Type="Utils"/>
    <File Path="$PSRCDIR/utils_1/imports/synth_1/tetris_top.dcp">
      <FileInfo>
        <Attr Name="UsedIn" Val="synthesis"/>
        <Attr Name="UsedIn" Val="implementation"/>
        <Attr Name="UsedInSteps" Val="synth_1"/>
        <Attr Name="AutoDcp" Val="1"/>
      </FileInfo>
    </File>
    <Config>
      <Option Name="TopAutoSet" Val="TRUE"/>
    </Config>
  </FileSet>
  <Strategy Version="1" Minor="2">
    <StratHandle Name="Vivado Implementation Defaults" Flow="Vivado Implementation 2024"/>
    <Step Id="init_design"/>
    <Step Id="opt_design"/>
    <Step Id="power_opt_design"/>
    <Step Id="place_design"/>
    <Step Id="post_place_power_opt_design"/>
    <Step Id="phys_opt_design"/>
    <Step Id="route_design"/>
    <Step Id="post_route_phys_opt_design"/>
    <Step Id="write_bitstream"/>
  </Strategy>
  <BlockFileSet Type="BlockSrcs" Name="clk_wiz_tetris"/>
</GenRun>
