<?xml version="1.0" encoding="UTF-8"?>
<GenRun Id="synth_1" LaunchPart="xc7a35tcpg236-1" LaunchTime="1766940158" LaunchIncrCheckpoint="$PSRCDIR/utils_1/imports/synth_1/tetris_top.dcp">
  <File Type="PA-TCL" Name="tetris_top.tcl"/>
  <File Type="RDS-PROPCONSTRS" Name="tetris_top_drc_synth.rpt"/>
  <File Type="REPORTS-TCL" Name="tetris_top_reports.tcl"/>
  <File Type="RDS-RDS" Name="tetris_top.vds"/>
  <File Type="RDS-UTIL" Name="tetris_top_utilization_synth.rpt"/>
  <File Type="RDS-UTIL-PB" Name="tetris_top_utilization_synth.pb"/>
  <File Type="RDS-DCP" Name="tetris_top.dcp"/>
  <File Type="VDS-TIMINGSUMMARY" Name="tetris_top_timing_summary_synth.rpt"/>
  <File Type="VDS-TIMING-PB" Name="tetris_top_timing_summary_synth.pb"/>
  <FileSet Name="sources" Type="DesignSrcs" RelSrcDir="$PSRCDIR/sources_1" RelGenDir="$PGENDIR/sources_1">
    <Filter Type="Srcs"/>
    <File Path="$PSRCDIR/sources_1/imports/new/2_input_controller.vhd">
      <FileInfo>
        <Attr Name="ImportPath" Val="$PPRDIR/../Universidad/7_Septimo_Semestre/Sistemas_Electronicos_Digitales_SED/FPGAs/Trabajo_SED/Trabajo_SED.srcs/sources_1/new/2_input_controller.vhd"/>
        <Attr Name="ImportTime" Val="1766673148"/>
        <Attr Name="UsedIn" Val="synthesis"/>
        <Attr Name="UsedIn" Val="simulation"/>
      </FileInfo>
    </File>
    <File Path="$PSRCDIR/sources_1/imports/new/4_lfsr_random.vhd">
      <FileInfo>
        <Attr Name="ImportPath" Val="$PPRDIR/../Universidad/7_Septimo_Semestre/Sistemas_Electronicos_Digitales_SED/FPGAs/Trabajo_SED/Trabajo_SED.srcs/sources_1/new/4_lfsr_random.vhd"/>
        <Attr Name="ImportTime" Val="1766673182"/>
        <Attr Name="UsedIn" Val="synthesis"/>
        <Attr Name="UsedIn" Val="simulation"/>
      </FileInfo>
    </File>
    <File Path="$PSRCDIR/sources_1/imports/new/6_collision_detector.vhd">
      <FileInfo>
        <Attr Name="ImportPath" Val="$PPRDIR/../Universidad/7_Septimo_Semestre/Sistemas_Electronicos_Digitales_SED/FPGAs/Trabajo_SED/Trabajo_SED.srcs/sources_1/new/6_collision_detector.vhd"/>
        <Attr Name="ImportTime" Val="1766673218"/>
        <Attr Name="UsedIn" Val="synthesis"/>
        <Attr Name="UsedIn" Val="simulation"/>
      </FileInfo>
    </File>
    <File Path="$PSRCDIR/sources_1/imports/new/8_game_controller.vhd">
      <FileInfo>
        <Attr Name="ImportPath" Val="$PPRDIR/../Universidad/7_Septimo_Semestre/Sistemas_Electronicos_Digitales_SED/FPGAs/Trabajo_SED/Trabajo_SED.srcs/sources_1/new/8_game_controller.vhd"/>
        <Attr Name="ImportTime" Val="1766673269"/>
        <Attr Name="UsedIn" Val="synthesis"/>
        <Attr Name="UsedIn" Val="simulation"/>
      </FileInfo>
    </File>
    <File Path="$PSRCDIR/sources_1/imports/new/1_clock_divider.vhd">
      <FileInfo>
        <Attr Name="ImportPath" Val="$PPRDIR/../Universidad/7_Septimo_Semestre/Sistemas_Electronicos_Digitales_SED/FPGAs/Trabajo_SED/Trabajo_SED.srcs/sources_1/new/1_clock_divider.vhd"/>
        <Attr Name="ImportTime" Val="1766673135"/>
        <Attr Name="UsedIn" Val="synthesis"/>
        <Attr Name="UsedIn" Val="simulation"/>
      </FileInfo>
    </File>
    <File Path="$PSRCDIR/sources_1/imports/new/5_current_piece_control.vhd">
      <FileInfo>
        <Attr Name="ImportPath" Val="$PPRDIR/../Universidad/7_Septimo_Semestre/Sistemas_Electronicos_Digitales_SED/FPGAs/Trabajo_SED/Trabajo_SED.srcs/sources_1/new/5_current_piece_control.vhd"/>
        <Attr Name="ImportTime" Val="1766673203"/>
        <Attr Name="UsedIn" Val="synthesis"/>
        <Attr Name="UsedIn" Val="simulation"/>
      </FileInfo>
    </File>
    <File Path="$PSRCDIR/sources_1/imports/new/3_piece_rotator.vhd">
      <FileInfo>
        <Attr Name="ImportPath" Val="$PPRDIR/../Universidad/7_Septimo_Semestre/Sistemas_Electronicos_Digitales_SED/FPGAs/Trabajo_SED/Trabajo_SED.srcs/sources_1/new/3_piece_rotator.vhd"/>
        <Attr Name="ImportTime" Val="1766673163"/>
        <Attr Name="UsedIn" Val="synthesis"/>
        <Attr Name="UsedIn" Val="simulation"/>
      </FileInfo>
    </File>
    <File Path="$PSRCDIR/sources_1/imports/new/7_board_memory.vhd">
      <FileInfo>
        <Attr Name="ImportPath" Val="$PPRDIR/../Universidad/7_Septimo_Semestre/Sistemas_Electronicos_Digitales_SED/FPGAs/Trabajo_SED/Trabajo_SED.srcs/sources_1/new/7_board_memory.vhd"/>
        <Attr Name="ImportTime" Val="1766673246"/>
        <Attr Name="UsedIn" Val="synthesis"/>
        <Attr Name="UsedIn" Val="simulation"/>
      </FileInfo>
    </File>
    <File Path="$PSRCDIR/sources_1/imports/new/16_score_counter.vhd">
      <FileInfo>
        <Attr Name="ImportPath" Val="$PPRDIR/../Universidad/7_Septimo_Semestre/Sistemas_Electronicos_Digitales_SED/FPGAs/Trabajo_SED/Trabajo_SED.srcs/sources_1/new/16_score_counter.vhd"/>
        <Attr Name="ImportTime" Val="1766673371"/>
        <Attr Name="UsedIn" Val="synthesis"/>
        <Attr Name="UsedIn" Val="simulation"/>
      </FileInfo>
    </File>
    <File Path="$PSRCDIR/sources_1/imports/new/19_seven_segments_driver.vhd">
      <FileInfo>
        <Attr Name="ImportPath" Val="$PPRDIR/../Universidad/7_Septimo_Semestre/Sistemas_Electronicos_Digitales_SED/FPGAs/Trabajo_SED/Trabajo_SED.srcs/sources_1/new/19_seven_segments_driver.vhd"/>
        <Attr Name="ImportTime" Val="1766673387"/>
        <Attr Name="UsedIn" Val="synthesis"/>
        <Attr Name="UsedIn" Val="simulation"/>
      </FileInfo>
    </File>
    <File Path="$PSRCDIR/sources_1/imports/new/11_vga_controller.vhd">
      <FileInfo>
        <Attr Name="ImportPath" Val="$PPRDIR/../Universidad/7_Septimo_Semestre/Sistemas_Electronicos_Digitales_SED/FPGAs/Trabajo_SED/Trabajo_SED.srcs/sources_1/new/11_vga_controller.vhd"/>
        <Attr Name="ImportTime" Val="1766690433"/>
        <Attr Name="UsedIn" Val="synthesis"/>
        <Attr Name="UsedIn" Val="simulation"/>
      </FileInfo>
    </File>
    <File Path="$PSRCDIR/sources_1/imports/new/9_render_unit.vhd">
      <FileInfo>
        <Attr Name="ImportPath" Val="$PPRDIR/../Universidad/7_Septimo_Semestre/Sistemas_Electronicos_Digitales_SED/FPGAs/Trabajo_SED/Trabajo_SED.srcs/sources_1/new/9_render_unit.vhd"/>
        <Attr Name="ImportTime" Val="1766673287"/>
        <Attr Name="UsedIn" Val="synthesis"/>
        <Attr Name="UsedIn" Val="simulation"/>
      </FileInfo>
    </File>
    <File Path="$PSRCDIR/sources_1/imports/new/10_tetris_top.vhd">
      <FileInfo>
        <Attr Name="ImportPath" Val="$PPRDIR/../Universidad/7_Septimo_Semestre/Sistemas_Electronicos_Digitales_SED/FPGAs/Trabajo_SED/Trabajo_SED.srcs/sources_1/new/10_tetris_top.vhd"/>
        <Attr Name="ImportTime" Val="1766690722"/>
        <Attr Name="UsedIn" Val="synthesis"/>
        <Attr Name="UsedIn" Val="simulation"/>
      </FileInfo>
    </File>
    <File Path="$PSRCDIR/sources_1/imports/new/15_game_fsm.vhd">
      <FileInfo>
        <Attr Name="UserDisabled" Val="1"/>
        <Attr Name="ImportPath" Val="$PPRDIR/../Universidad/7_Septimo_Semestre/Sistemas_Electronicos_Digitales_SED/FPGAs/Trabajo_SED/Trabajo_SED.srcs/sources_1/new/15_game_fsm.vhd"/>
        <Attr Name="ImportTime" Val="1766050869"/>
        <Attr Name="UsedIn" Val="synthesis"/>
        <Attr Name="UsedIn" Val="simulation"/>
      </FileInfo>
    </File>
    <File Path="$PSRCDIR/sources_1/imports/new/17_bin_2_bcd.vhd">
      <FileInfo>
        <Attr Name="UserDisabled" Val="1"/>
        <Attr Name="ImportPath" Val="$PPRDIR/../Universidad/7_Septimo_Semestre/Sistemas_Electronicos_Digitales_SED/FPGAs/Trabajo_SED/Trabajo_SED.srcs/sources_1/new/17_bin_2_bcd.vhd"/>
        <Attr Name="ImportTime" Val="1766049489"/>
        <Attr Name="UsedIn" Val="synthesis"/>
        <Attr Name="UsedIn" Val="simulation"/>
      </FileInfo>
    </File>
    <File Path="$PSRCDIR/sources_1/imports/new/18_win_detector.vhd">
      <FileInfo>
        <Attr Name="UserDisabled" Val="1"/>
        <Attr Name="ImportPath" Val="$PPRDIR/../Universidad/7_Septimo_Semestre/Sistemas_Electronicos_Digitales_SED/FPGAs/Trabajo_SED/Trabajo_SED.srcs/sources_1/new/18_win_detector.vhd"/>
        <Attr Name="ImportTime" Val="1766049600"/>
        <Attr Name="UsedIn" Val="synthesis"/>
        <Attr Name="UsedIn" Val="simulation"/>
      </FileInfo>
    </File>
    <Config>
      <Option Name="DesignMode" Val="RTL"/>
      <Option Name="TopModule" Val="tetris_top"/>
      <Option Name="TopAutoSet" Val="TRUE"/>
    </Config>
  </FileSet>
  <FileSet Name="constrs_in" Type="Constrs" RelSrcDir="$PSRCDIR/constrs_1" RelGenDir="$PGENDIR/constrs_1">
    <Filter Type="Constrs"/>
    <File Path="$PSRCDIR/constrs_1/imports/FPGAs/Basys-3-Master.xdc">
      <FileInfo>
        <Attr Name="ImportPath" Val="$PPRDIR/../Universidad/7_Septimo_Semestre/Sistemas_Electronicos_Digitales_SED/FPGAs/Basys-3-Master.xdc"/>
        <Attr Name="ImportTime" Val="1766673519"/>
        <Attr Name="UsedIn" Val="synthesis"/>
        <Attr Name="UsedIn" Val="implementation"/>
      </FileInfo>
    </File>
    <Config>
      <Option Name="ConstrsType" Val="XDC"/>
    </Config>
  </FileSet>
  <FileSet Name="utils" Type="Utils" RelSrcDir="$PSRCDIR/utils_1" RelGenDir="$PGENDIR/utils_1">
    <Filter Type="Utils"/>
    <File Path="$PSRCDIR/utils_1/imports/synth_1/tetris_top.dcp">
      <FileInfo>
        <Attr Name="UsedIn" Val="synthesis"/>
        <Attr Name="UsedIn" Val="implementation"/>
        <Attr Name="UsedInSteps" Val="synth_1"/>
        <Attr Name="AutoDcp" Val="1"/>
      </FileInfo>
    </File>
    <Config>
      <Option Name="TopAutoSet" Val="TRUE"/>
    </Config>
  </FileSet>
  <Strategy Version="1" Minor="2">
    <StratHandle Name="Vivado Synthesis Defaults" Flow="Vivado Synthesis 2024"/>
    <Step Id="synth_design"/>
  </Strategy>
  <BlockFileSet Type="BlockSrcs" Name="clk_wiz_tetris"/>
</GenRun>
